{"py/object": "rasa_core.featurizers.MaxHistoryTrackerFeaturizer", "max_history": 6, "remove_duplicates": true, "state_featurizer": {"py/object": "rasa_core.featurizers.BinarySingleStateFeaturizer", "input_state_map": {"active_form_facility_form": 52, "entity_facility_id": 20, "entity_facility_type": 19, "entity_location": 21, "intent_affirm": 0, "intent_ask_builder": 1, "intent_ask_howdoing": 2, "intent_ask_howold": 3, "intent_ask_languagesbot": 4, "intent_ask_restaurant": 5, "intent_ask_time": 6, "intent_ask_weather": 7, "intent_ask_whatismyname": 8, "intent_ask_wherefrom": 9, "intent_ask_whoami": 10, "intent_deny": 11, "intent_goodbye": 12, "intent_greet": 13, "intent_handleinsult": 14, "intent_inform": 15, "intent_search_provider": 16, "intent_telljoke": 17, "intent_thankyou": 18, "prev_action_chitchat": 29, "prev_action_deactivate_form": 25, "prev_action_default_ask_affirmation": 27, "prev_action_default_ask_rephrase": 28, "prev_action_default_fallback": 24, "prev_action_listen": 22, "prev_action_restart": 23, "prev_action_revert_fallback_events": 26, "prev_facility_form": 51, "prev_find_facility_types": 35, "prev_find_healthcare_address": 36, "prev_utter_address": 37, "prev_utter_ask_builder": 40, "prev_utter_ask_facility_type": 34, "prev_utter_ask_howdoing": 41, "prev_utter_ask_howold": 42, "prev_utter_ask_languagesbot": 50, "prev_utter_ask_location": 33, "prev_utter_ask_restaurant": 43, "prev_utter_ask_time": 44, "prev_utter_ask_weather": 39, "prev_utter_ask_whatismyname": 49, "prev_utter_ask_wherefrom": 45, "prev_utter_ask_whoami": 46, "prev_utter_continue": 38, "prev_utter_goodbye": 32, "prev_utter_greet": 31, "prev_utter_handleinsult": 47, "prev_utter_noworries": 30, "prev_utter_telljoke": 48}, "num_features": 53, "slot_feature_len": 0, "user_feature_len": 22}, "use_intent_probabilities": false}